Protein Name,# Unique Peptides,Peptide,Peptide Theoretical Mass,Peptide Theoretical m/z (+1),ppm Error Threshold,Calc. Da Error Threshold,LC-MS/MS Scan
P28481,5,DGETGAAGPPGPSGPAGER,1678.7545,1679.76234,50,0.08,20240702_R0008-R1.07172.07172.3
P28481,5,GEAGAPGVKGESGSPGENGSPGPMGPRGLPGER,3060.4316,3061.43944,50,0.15,20240702_R0008-R1.12736.12736.3
P28481,5,GETGPPGPAGFAGPPGADGQPGAK,2088.9863,2089.9941400000002,50,0.11,20240702_R0008-R1.14054.14054.3
P28481,5,AGDPGLQGPAGAPGEKGEPGDDGPSGLDGPPGPQGLAGQR,3632.709,3633.71684,50,0.18,20240702_R0008-R2.11945.11945.5
P28481,5,GEAGAPGVKGESGSPGENGSPGPMGPRGLPGER,3044.4368,3045.44464,50,0.16,20240702_R0008-R2.13171.13171.3
P28481,5,GEAGAQGPMGPSGPAGAR,1582.7157,1583.72354,50,0.08,20240702_R0008-R3.13231.13231.3
